fuente,seed,L,rate,p,modo,vara,ber_test,ber_test_final,ber_test_bnfix,ber_val,mejor_step,ber_top90,ber_top50,ber_tapados
code,0,250,0.5,0.0,mask,0.0,0.24764029681682587,0.2803797125816345,nan,0.24790939688682556,1500,0.2225470095872879,0.12710480391979218,nan
code,0,250,0.5,0.1,mask,0.0,0.24761830270290375,0.25642889738082886,0.24760310351848602,0.2479725033044815,1500,0.22260022163391113,0.1271347999572754,0.49959767492133644
code,0,250,0.5,0.25,mask,0.0,0.24785640835762024,0.2711583077907562,0.24780669808387756,0.2480705976486206,1500,0.2227625548839569,0.12732839584350586,0.5002712577524346
code,0,250,0.5,0.5,mask,0.0,0.24810239672660828,0.2725326120853424,0.24808789789676666,0.24822060763835907,1500,0.22313322126865387,0.12754200398921967,0.5000289167312206
code,0,125,0.25,0.0,mask,0.335,0.3442775011062622,0.366239994764328,nan,0.3442952036857605,1500,0.3283340036869049,0.25241079926490784,nan
code,0,125,0.25,0.1,mask,0.335,0.34351909160614014,0.3739941120147705,0.34333398938179016,0.3435766100883484,2250,0.3273087739944458,0.24616579711437225,0.5004833905795883
code,0,125,0.25,0.25,mask,0.335,0.3420383036136627,0.3741067051887512,0.34176409244537354,0.34197840094566345,2250,0.32580024003982544,0.24607619643211365,0.5007230208478674
code,0,125,0.25,0.5,mask,0.335,0.33995750546455383,0.36399000883102417,0.3395110070705414,0.3397752046585083,2250,0.3236692249774933,0.24643699824810028,0.5000769445200993
code,1,250,0.5,0.0,mask,0.0,0.24769259989261627,0.2782841920852661,nan,0.2475053071975708,1500,0.22273756563663483,0.12704819440841675,nan
code,1,250,0.5,0.1,mask,0.0,0.2478238046169281,0.26445499062538147,0.24786320328712463,0.2475731074810028,1500,0.22275367379188538,0.12735740840435028,0.4998068454763811
code,1,250,0.5,0.25,mask,0.0,0.24792510271072388,0.2728620171546936,0.2479275017976761,0.24778519570827484,1500,0.22288399934768677,0.12729419767856598,0.5002740803293608
code,1,250,0.5,0.5,mask,0.0,0.24816370010375977,0.27309170365333557,0.2481992095708847,0.24799999594688416,1500,0.22308000922203064,0.12777839601039886,0.5001325467162201
code,1,125,0.25,0.0,mask,0.335,0.3441683053970337,0.36448729038238525,nan,0.34413859248161316,1500,0.3282672166824341,0.25257518887519836,nan
code,1,125,0.25,0.1,mask,0.335,0.3431771993637085,0.3750517964363098,0.342865914106369,0.3431932032108307,2250,0.3270987868309021,0.24617640674114227,0.4999379503602882
code,1,125,0.25,0.25,mask,0.335,0.3419262170791626,0.3732343018054962,0.34158629179000854,0.3417927920818329,2250,0.3256579041481018,0.2461400032043457,0.49994134000255464
code,1,125,0.25,0.5,mask,0.335,0.3398776054382324,0.3656904101371765,0.33949971199035645,0.3395859897136688,2250,0.3234924376010895,0.24628600478172302,0.4998216716879814
code,2,250,0.5,0.0,mask,0.0,0.2477301061153412,0.285889208316803,nan,0.2478955090045929,1500,0.22272567451000214,0.12722359597682953,nan
code,2,250,0.5,0.1,mask,0.0,0.2477063089609146,0.27207469940185547,0.24771679937839508,0.247720405459404,1500,0.22274722158908844,0.12727899849414825,0.49962804537846384
code,2,250,0.5,0.25,mask,0.0,0.24795480072498322,0.2780485153198242,0.24804329872131348,0.24800020456314087,1500,0.22293545305728912,0.12729060649871826,0.5006265586471292
code,2,250,0.5,0.5,mask,0.0,0.24812179803848267,0.2750472128391266,0.2481244057416916,0.24822290241718292,1500,0.22308534383773804,0.127606600522995,0.5002389149364902
code,2,125,0.25,0.0,mask,0.335,0.343715101480484,0.3668020963668823,nan,0.3439137935638428,1500,0.3277435600757599,0.25210699439048767,nan
code,2,125,0.25,0.1,mask,0.335,0.343321293592453,0.37360548973083496,0.34307870268821716,0.3434533178806305,2250,0.3271884620189667,0.24613040685653687,0.5007889037537421
code,2,125,0.25,0.25,mask,0.335,0.3418259918689728,0.37267589569091797,0.341695100069046,0.3418574929237366,2250,0.3255425691604614,0.24609340727329254,0.499771815060206
code,2,125,0.25,0.5,mask,0.335,0.34002840518951416,0.36585569381713867,0.3395994007587433,0.3399307131767273,2250,0.32353901863098145,0.24665400385856628,0.49995633382382004
code,3,250,0.5,0.0,mask,0.0,0.247599795460701,0.27622199058532715,nan,0.24763250350952148,1500,0.2225291132926941,0.1271740049123764,nan
code,3,250,0.5,0.1,mask,0.0,0.24765130877494812,0.26023760437965393,0.2476446032524109,0.24766799807548523,1500,0.22257278859615326,0.12730540335178375,0.5004481347701624
code,3,250,0.5,0.25,mask,0.0,0.2478279024362564,0.2723798155784607,0.24781210720539093,0.24781310558319092,1500,0.22273500263690948,0.12735560536384583,0.49980405517806187
code,3,250,0.5,0.5,mask,0.0,0.24818800389766693,0.2737486958503723,0.24817579984664917,0.2478823959827423,1500,0.22311334311962128,0.12751279771327972,0.5002167362795338
code,3,125,0.25,0.0,mask,0.335,0.34371060132980347,0.36813390254974365,nan,0.34381619095802307,1500,0.32771623134613037,0.25232499837875366,nan
code,3,125,0.25,0.1,mask,0.335,0.3432179093360901,0.3738953173160553,0.34301450848579407,0.34315991401672363,2250,0.32697343826293945,0.24619139730930328,0.4990722561112693
code,3,125,0.25,0.25,mask,0.335,0.3418619930744171,0.37195560336112976,0.34143969416618347,0.3417690098285675,2250,0.3255745470523834,0.246356800198555,0.49992642071992527
code,3,125,0.25,0.5,mask,0.335,0.3396330177783966,0.3661661148071289,0.33931469917297363,0.339700311422348,2250,0.32320156693458557,0.24652160704135895,0.5000679800138759
lowdim,0,250,0.5,0.0,mask,0.0465,0.039323799312114716,0.0393035002052784,nan,0.03939419984817505,27750,0.01093211118131876,6.620000203838572e-05,nan
lowdim,0,250,0.5,0.1,mask,0.0465,0.03449080139398575,0.03446090221405029,0.034478601068258286,0.03429650142788887,29250,0.007693889085203409,1.2399999832268804e-05,0.11262299938350187
lowdim,0,250,0.5,0.25,mask,0.0465,0.03998440131545067,0.039934199303388596,0.039976999163627625,0.0399789996445179,24750,0.011045888997614384,2.7600000976235606e-05,0.10749203117884981
lowdim,0,250,0.5,0.5,mask,0.0465,0.042720600962638855,0.04270299896597862,0.04270520061254501,0.042850200086832047,27000,0.013856000266969204,0.0001576000067871064,0.1178595935608343
lowdim,0,70,0.14,0.0,mask,0.1776,0.1408023089170456,0.1407938003540039,nan,0.1404384970664978,30000,0.10694599896669388,0.02096860110759735,nan
lowdim,0,70,0.14,0.1,mask,0.1776,0.1432960033416748,0.14329129457473755,0.1432722955942154,0.1431816965341568,29250,0.10962900519371033,0.022208400070667267,0.17199997598059233
lowdim,0,70,0.14,0.25,mask,0.1776,0.14198310673236847,0.14195050299167633,0.14196880161762238,0.1418638974428177,28500,0.10822344571352005,0.021624000743031502,0.17566987871560155
lowdim,0,70,0.14,0.5,mask,0.1776,0.13233789801597595,0.1323816031217575,0.13230599462985992,0.13213549554347992,29250,0.09810344874858856,0.017345000058412552,0.16771143783793302
lowdim,1,250,0.5,0.0,mask,0.0465,0.03835989907383919,0.03835880011320114,nan,0.03818409889936447,28500,0.010347667150199413,5.6000000768108293e-05,nan
lowdim,1,250,0.5,0.1,mask,0.0465,0.03480980172753334,0.03481290116906166,0.034804701805114746,0.034824199974536896,27000,0.007934888824820518,1.2999999853491317e-05,0.11335368294635709
lowdim,1,250,0.5,0.25,mask,0.0465,0.03984890133142471,0.03986389935016632,0.03985140100121498,0.03972969949245453,29250,0.010956999845802784,2.7800000680144876e-05,0.10749474562582609
lowdim,1,250,0.5,0.5,mask,0.0465,0.04346340149641037,0.04347410053014755,0.04346109926700592,0.043407801538705826,28500,0.014278111048042774,0.00018020000425167382,0.11832723245255407
lowdim,1,70,0.14,0.0,mask,0.1776,0.13829700648784637,0.13833530247211456,nan,0.1385108083486557,29250,0.1043887808918953,0.01954679936170578,nan
lowdim,1,70,0.14,0.1,mask,0.1776,0.1394646018743515,0.13947300612926483,0.1394595056772232,0.13915850222110748,30000,0.1055067777633667,0.02019200101494789,0.1678392714171337
lowdim,1,70,0.14,0.25,mask,0.1776,0.14221230149269104,0.14219270646572113,0.14220160245895386,0.14213870465755463,28500,0.10846389085054398,0.021558599546551704,0.175929540734263
lowdim,1,70,0.14,0.5,mask,0.1776,0.13419850170612335,0.13419559597969055,0.1342208981513977,0.13369859755039215,27750,0.10003200173377991,0.01802919991314411,0.16855044272202574
lowdim,2,250,0.5,0.0,mask,0.0465,0.03821580111980438,0.038154300302267075,nan,0.0381183996796608,26250,0.010193999856710434,5.560000136028975e-05,nan
lowdim,2,250,0.5,0.1,mask,0.0465,0.03438670188188553,0.034381601959466934,0.03437339887022972,0.03443409875035286,28500,0.0076437778770923615,1.140000040322775e-05,0.11269125166729659
lowdim,2,250,0.5,0.25,mask,0.0465,0.03986290097236633,0.03988189995288849,0.039883099496364594,0.03991590067744255,27000,0.010964666493237019,2.4400000256719068e-05,0.10740411132865231
lowdim,2,250,0.5,0.5,mask,0.0465,0.04274760186672211,0.04274899885058403,0.04274500161409378,0.04274670034646988,29250,0.01381388958543539,0.00015219999477267265,0.11759830835035182
lowdim,2,70,0.14,0.0,mask,0.1776,0.1366066038608551,0.13660989701747894,nan,0.13650670647621155,30000,0.10250100493431091,0.018571600317955017,nan
lowdim,2,70,0.14,0.1,mask,0.1776,0.13961240649223328,0.13960939645767212,0.13962310552597046,0.13958969712257385,30000,0.1056874468922615,0.020266801118850708,0.16893039049235994
lowdim,2,70,0.14,0.25,mask,0.1776,0.14617469906806946,0.14616890251636505,0.1461879014968872,0.14611370861530304,30000,0.1126197800040245,0.02410680055618286,0.17893419034343733
lowdim,2,70,0.14,0.5,mask,0.1776,0.13248160481452942,0.13242420554161072,0.1324222981929779,0.13250580430030823,29250,0.09813811630010605,0.01727760024368763,0.16622244409480416
lowdim,3,250,0.5,0.0,mask,0.0465,0.038561899214982986,0.03856860101222992,nan,0.03857770189642906,29250,0.010394667275249958,5.740000051446259e-05,nan
lowdim,3,250,0.5,0.1,mask,0.0465,0.034797199070453644,0.03483489900827408,0.03481680154800415,0.034711699932813644,28500,0.007896333932876587,1.2600000445672777e-05,0.11380924546494607
lowdim,3,250,0.5,0.25,mask,0.0465,0.039994802325963974,0.03999419882893562,0.03998279944062233,0.03989339992403984,26250,0.01098155602812767,2.7399999453336932e-05,0.10785962672911308
lowdim,3,250,0.5,0.5,mask,0.0465,0.04299769923090935,0.042997200042009354,0.04300110042095184,0.04281670227646828,27750,0.014004555530846119,0.00015520000306423753,0.11800350696895112
lowdim,3,70,0.14,0.0,mask,0.1776,0.13479310274124146,0.13483360409736633,nan,0.13490669429302216,29250,0.10062266886234283,0.01757200062274933,nan
lowdim,3,70,0.14,0.1,mask,0.1776,0.14436280727386475,0.1444305032491684,0.1443721055984497,0.14463180303573608,29250,0.11064033210277557,0.02294060029089451,0.17319684457167409
lowdim,3,70,0.14,0.25,mask,0.1776,0.13911990821361542,0.1391213983297348,0.13909989595413208,0.1394283026456833,30000,0.1051647812128067,0.020017201080918312,0.17300208261353603
lowdim,3,70,0.14,0.5,mask,0.1776,0.1318013072013855,0.13180239498615265,0.13180799782276154,0.13183939456939697,30000,0.09751778095960617,0.01703299954533577,0.16715605611950088
markov,0,250,0.5,0.0,mask,0.025,0.013477600179612637,0.013512500561773777,nan,0.013599599711596966,29250,0.0015447777695953846,0.00017579999985173345,nan
markov,0,250,0.5,0.1,mask,0.025,0.01381279993802309,0.013808900490403175,0.01380810048431158,0.013933400623500347,28500,0.001587222213856876,0.00017379999917466193,0.07232844138063556
markov,0,250,0.5,0.25,mask,0.025,0.02023709937930107,0.0202334001660347,0.020240500569343567,0.020379099994897842,28500,0.0031998888589441776,0.00036700000055134296,0.07078927810256301
markov,0,250,0.5,0.5,mask,0.025,0.02659199945628643,0.026582900434732437,0.026596799492836,0.026692301034927368,24750,0.007169111166149378,0.0007471999851986766,0.08396998503334029
markov,0,70,0.14,0.0,mask,0.091,0.1005719006061554,0.10097450017929077,nan,0.10126800090074539,27000,0.06510289013385773,0.018300600349903107,nan
markov,0,70,0.14,0.1,mask,0.091,0.10224810242652893,0.1029748022556305,0.10179059952497482,0.1027987003326416,27000,0.0657016709446907,0.021497000008821487,0.12083763681054292
markov,0,70,0.14,0.25,mask,0.091,0.09983170032501221,0.09983289986848831,0.09965430200099945,0.10031510144472122,28500,0.0649418905377388,0.02341720089316368,0.11911753476476936
markov,0,70,0.14,0.5,mask,0.091,0.10412900149822235,0.10456199944019318,0.10402390360832214,0.10455609858036041,24750,0.0710538923740387,0.028529200702905655,0.12106124603695698
markov,1,250,0.5,0.0,mask,0.025,0.013975400477647781,0.014028999954462051,nan,0.014074999839067459,29250,0.0016603333642706275,0.0001871999993454665,nan
markov,1,250,0.5,0.1,mask,0.025,0.01381400041282177,0.013827700167894363,0.013832200318574905,0.013798300176858902,27750,0.0015788889722898602,0.00018099999579135329,0.07293734987990393
markov,1,250,0.5,0.25,mask,0.025,0.020473100244998932,0.020462799817323685,0.02047000080347061,0.02047489956021309,27750,0.0032451110891997814,0.00037140000495128334,0.07109031117026494
markov,1,250,0.5,0.5,mask,0.025,0.026889299973845482,0.026889899745583534,0.02688479982316494,0.026913899928331375,17250,0.00725011108443141,0.000700599979609251,0.08384289515614723
markov,1,70,0.14,0.0,mask,0.091,0.09974639862775803,0.10034409910440445,nan,0.10005220025777817,28500,0.06443111598491669,0.01828720048069954,nan
markov,1,70,0.14,0.1,mask,0.091,0.09852500259876251,0.09953299909830093,0.09775780141353607,0.098539799451828,27750,0.06343288719654083,0.02122100070118904,0.11861589271417133
markov,1,70,0.14,0.25,mask,0.091,0.10105089843273163,0.10117430239915848,0.10053879767656326,0.10117010027170181,25500,0.06688789278268814,0.024114400148391724,0.11769998354316795
markov,1,70,0.14,0.5,mask,0.091,0.10384330153465271,0.10405310243368149,0.10372120141983032,0.10407160222530365,27750,0.07077111303806305,0.02847439981997013,0.12055593651352156
markov,2,250,0.5,0.0,mask,0.025,0.01300210040062666,0.012970100156962872,nan,0.013006600551307201,29250,0.0014167778426781297,0.00017080000543501228,nan
markov,2,250,0.5,0.1,mask,0.025,0.0140174999833107,0.014018099755048752,0.01402289979159832,0.014024000614881516,28500,0.00161922222469002,0.00018560000171419233,0.07329205836887899
markov,2,250,0.5,0.25,mask,0.025,0.020419999957084656,0.020409099757671356,0.02042210102081299,0.02045600116252899,29250,0.0031924445647746325,0.00036380000528879464,0.07174326494451366
markov,2,250,0.5,0.5,mask,0.025,0.026521001011133194,0.026512300595641136,0.026513300836086273,0.02655719965696335,26250,0.007119111251085997,0.0008077999809756875,0.08348513241643023
markov,2,70,0.14,0.0,mask,0.091,0.10127050429582596,0.10161919891834259,nan,0.10135269910097122,28500,0.06502844393253326,0.017545800656080246,nan
markov,2,70,0.14,0.1,mask,0.091,0.09970749914646149,0.10038720071315765,0.09926220029592514,0.10005220025777817,27000,0.06421378254890442,0.02076820097863674,0.11931044412581665
markov,2,70,0.14,0.25,mask,0.091,0.0993076041340828,0.09979499876499176,0.09887219965457916,0.09935370087623596,27750,0.0650157779455185,0.0242794007062912,0.11774302896008863
markov,2,70,0.14,0.5,mask,0.091,0.10423490405082703,0.10456780344247818,0.10422660410404205,0.10429120063781738,24750,0.07140877842903137,0.028790799900889397,0.12078164253968876
markov,3,250,0.5,0.0,mask,0.025,0.013569300062954426,0.013569300062954426,nan,0.01354300044476986,30000,0.0015657778130844235,0.00017919999663718045,nan
markov,3,250,0.5,0.1,mask,0.025,0.014248600229620934,0.014243099838495255,0.014239700511097908,0.014258500188589096,29250,0.001660666661337018,0.0001849999971454963,0.07421251679880897
markov,3,250,0.5,0.25,mask,0.025,0.021560899913311005,0.021555399522185326,0.021560799330472946,0.02153719961643219,28500,0.003369666635990143,0.00037799999699927866,0.0733673397571244
markov,3,250,0.5,0.5,mask,0.025,0.026371700689196587,0.026371700689196587,0.02637230046093464,0.026341000571846962,30000,0.007246777880936861,0.0007610000320710242,0.08379736357510892
markov,3,70,0.14,0.0,mask,0.091,0.1025451049208641,0.10295480489730835,nan,0.10274810343980789,27750,0.06598377972841263,0.01820960082113743,nan
markov,3,70,0.14,0.1,mask,0.091,0.10208280384540558,0.10208380222320557,0.10113050043582916,0.10227770358324051,27750,0.06603222340345383,0.021666400134563446,0.12135109885443364
markov,3,70,0.14,0.25,mask,0.091,0.10028260201215744,0.1005726009607315,0.0997036024928093,0.10061030089855194,29250,0.06575966626405716,0.024391600862145424,0.11805475578077214
markov,3,70,0.14,0.5,mask,0.091,0.10545779764652252,0.10547710210084915,0.10529020428657532,0.10565770417451859,27750,0.07310344278812408,0.029316000640392303,0.12087406302547052
random,0,250,0.5,0.0,mask,0.2536,0.2476648986339569,0.2864532172679901,nan,0.2475389987230301,1500,0.22259066998958588,0.12702520191669464,nan
random,0,250,0.5,0.1,mask,0.2536,0.2476172000169754,0.28454309701919556,0.24759790301322937,0.2476319968700409,1500,0.22261178493499756,0.1272311955690384,0.500176142322997
random,0,250,0.5,0.25,mask,0.2536,0.24771030247211456,0.28356030583381653,0.2477577030658722,0.2478027045726776,1500,0.2227896749973297,0.1274380087852478,0.49968276635732223
random,0,250,0.5,0.5,mask,0.2536,0.24807919561862946,0.2790985107421875,0.24808269739151,0.24800530076026917,1500,0.223096564412117,0.1275711953639984,0.4995822582946493
random,1,250,0.5,0.0,mask,0.2536,0.24779459834098816,0.2835861146450043,nan,0.24776610732078552,1500,0.22268745303153992,0.12698620557785034,nan
random,1,250,0.5,0.1,mask,0.2536,0.24781180918216705,0.2805604934692383,0.2477875053882599,0.24767480790615082,1500,0.2227557748556137,0.12695619463920593,0.49991393114491595
random,1,250,0.5,0.25,mask,0.2536,0.2479892075061798,0.28266671299934387,0.24799410998821259,0.24786579608917236,1500,0.22290077805519104,0.12713660299777985,0.5001639677061699
random,1,250,0.5,0.5,mask,0.2536,0.24804669618606567,0.27892929315567017,0.2480597048997879,0.24815990030765533,1500,0.22298544645309448,0.12765419483184814,0.499887645166643
random,2,250,0.5,0.0,mask,0.2536,0.24777370691299438,0.2846912145614624,nan,0.24762339890003204,1500,0.22271455824375153,0.12698839604854584,nan
random,2,250,0.5,0.1,mask,0.2536,0.24771510064601898,0.2825286090373993,0.2476866990327835,0.2475356012582779,1500,0.2227027863264084,0.12706099450588226,0.5005579319323042
random,2,250,0.5,0.25,mask,0.2536,0.24790440499782562,0.2822650074958801,0.2479846030473709,0.24773339927196503,1500,0.2228071093559265,0.12720100581645966,0.4998210118132203
random,2,250,0.5,0.5,mask,0.2536,0.24803389608860016,0.2792266011238098,0.2480154037475586,0.24796299636363983,1500,0.22301478683948517,0.12758119404315948,0.49959921045158423
random,3,250,0.5,0.0,mask,0.2536,0.24787400662899017,0.286380410194397,nan,0.2476007044315338,1500,0.22273389995098114,0.12711060047149658,nan
random,3,250,0.5,0.1,mask,0.2536,0.24776490032672882,0.28554290533065796,0.24773700535297394,0.24772100150585175,1500,0.2227686643600464,0.12717220187187195,0.5008787837912102
random,3,250,0.5,0.25,mask,0.2536,0.2479439079761505,0.28350830078125,0.2479023039340973,0.2478296011686325,1500,0.22285044193267822,0.1272449940443039,0.5001459588979743
random,3,250,0.5,0.5,mask,0.2536,0.24822969734668732,0.2793242931365967,0.24819570779800415,0.24816569685935974,1500,0.22314244508743286,0.12760740518569946,0.49991882386578346
