fuente,L,arm,p,seed,primaria,ber_test,ber_test_final,ber_test_bnfix,ber_val,mejor_step,ber_top90,ber_top50,ber_tapados
markov,250,ladder_random,0.0,1,True,0.013975400477647781,0.014028999954462051,nan,0.014074999839067459,29250,0.0016603333642706275,0.0001871999993454665,nan
markov,250,ladder_random,0.1,1,True,0.01381400041282177,0.013827700167894363,0.013832200318574905,0.013798300176858902,27750,0.0015788889722898602,0.00018099999579135329,0.07293734987990393
markov,250,ladder_random,0.25,1,True,0.020473100244998932,0.020462799817323685,0.02047000080347061,0.02047489956021309,27750,0.0032451110891997814,0.00037140000495128334,0.07109031117026494
markov,250,stacked_rbm,0.0,1,True,0.010673199780285358,0.010669800452888012,nan,0.01067620050162077,29250,0.0011012222385033965,0.00010900000052060932,nan
markov,250,stacked_rbm,0.1,1,True,0.011456199921667576,0.011444499716162682,0.01144350040704012,0.011483000591397285,27750,0.001508000073954463,0.0001362000039080158,0.06317453963170537
markov,250,stacked_rbm,0.25,1,True,0.016472600400447845,0.016472600400447845,0.016481099650263786,0.01657469943165779,30000,0.003034111112356186,0.0004039999912492931,0.06707900840980155
markov,125,ladder_random,0.0,1,False,0.04646410048007965,0.0465754009783268,nan,0.0464554987847805,29250,0.017967555671930313,0.005034999921917915,nan
markov,125,ladder_random,0.1,1,False,0.04442610219120979,0.044909700751304626,0.04465179890394211,0.044463399797677994,29250,0.01580222323536873,0.004044199828058481,0.07405024019215373
markov,125,ladder_random,0.25,1,False,0.04571380093693733,0.04574570059776306,0.04578569903969765,0.04576269909739494,29250,0.01624911092221737,0.0055252001620829105,0.07582515396747794
markov,125,stacked_rbm,0.0,1,False,0.04459809884428978,0.04826220124959946,nan,0.044725701212882996,2250,0.017689555883407593,0.005348999984562397,nan
markov,125,stacked_rbm,0.1,1,False,0.04466380178928375,0.04562180116772652,0.04467000067234039,0.044565599411726,3750,0.01661411114037037,0.0042396001517772675,0.07671136909527622
markov,125,stacked_rbm,0.25,1,False,0.0451321005821228,0.04876049980521202,0.04520940035581589,0.045158401131629944,3750,0.017042888328433037,0.005238399840891361,0.07928028787844207
markov,70,ladder_random,0.0,1,False,0.09974639862775803,0.10034409910440445,nan,0.10005220025777817,28500,0.06443111598491669,0.01828720048069954,nan
markov,70,ladder_random,0.1,1,False,0.09852500259876251,0.09953299909830093,0.09775780141353607,0.098539799451828,27750,0.06343288719654083,0.02122100070118904,0.11861589271417133
markov,70,ladder_random,0.25,1,False,0.10105089843273163,0.10117430239915848,0.10053879767656326,0.10117010027170181,25500,0.06688789278268814,0.024114400148391724,0.11769998354316795
markov,70,stacked_rbm,0.0,1,False,0.08854780346155167,0.08940370380878448,nan,0.08869419991970062,750,0.058924779295921326,0.03320620208978653,nan
markov,70,stacked_rbm,0.1,1,False,0.08874800056219101,0.09028539806604385,0.08878250420093536,0.08886760473251343,750,0.05915144458413124,0.033356402069330215,0.10843274619695757
markov,70,stacked_rbm,0.25,1,False,0.08918390423059464,0.09365890175104141,0.08926250040531158,0.08925960212945938,750,0.05954500287771225,0.033783599734306335,0.11163417943872993
markov,35,ladder_random,0.0,1,False,0.19605350494384766,0.1960369050502777,nan,0.1966789960861206,28500,0.16662922501564026,0.07459880411624908,nan
markov,35,ladder_random,0.1,1,False,0.19744710624217987,0.19745729863643646,0.19726669788360596,0.19764010608196259,30000,0.16819344460964203,0.07742080092430115,0.21291433146517214
markov,35,ladder_random,0.25,1,False,0.191179096698761,0.1911059021949768,0.191128209233284,0.19149120151996613,27750,0.1614460051059723,0.07443159818649292,0.2031533852824669
markov,35,stacked_rbm,0.0,1,False,0.17982600629329681,0.18904180824756622,nan,0.17930780351161957,750,0.15443089604377747,0.09303519874811172,nan
markov,35,stacked_rbm,0.1,1,False,0.17813679575920105,0.17900580167770386,0.1818425953388214,0.1780698001384735,24000,0.14880099892616272,0.08060619980096817,0.19759107285828664
markov,35,stacked_rbm,0.25,1,False,0.17695419490337372,0.18520420789718628,0.1774080991744995,0.17657890915870667,750,0.15156300365924835,0.09227319806814194,0.19348269409952498
markov,250,ladder_random,0.0,2,True,0.01300210040062666,0.012970100156962872,nan,0.013006600551307201,29250,0.0014167778426781297,0.00017080000543501228,nan
markov,250,ladder_random,0.1,2,True,0.0140174999833107,0.014018099755048752,0.01402289979159832,0.014024000614881516,28500,0.00161922222469002,0.00018560000171419233,0.07329205836887899
markov,250,ladder_random,0.25,2,True,0.020419999957084656,0.020409099757671356,0.02042210102081299,0.02045600116252899,29250,0.0031924445647746325,0.00036380000528879464,0.07174326494451366
markov,250,stacked_rbm,0.0,2,True,0.010686499997973442,0.010746300220489502,nan,0.010753300040960312,29250,0.001144777750596404,0.0001201999984914437,nan
markov,250,stacked_rbm,0.1,2,True,0.011730600148439407,0.011753500439226627,0.011739300563931465,0.011705400422215462,28500,0.0015670000575482845,0.00014540000120177865,0.06274334531187195
markov,250,stacked_rbm,0.25,2,True,0.01658329926431179,0.01658499985933304,0.01657409965991974,0.016584500670433044,29250,0.0030896668322384357,0.0004284000024199486,0.0674387490425632
markov,125,ladder_random,0.0,2,False,0.04630780220031738,0.04668179899454117,nan,0.04632540047168732,29250,0.017772333696484566,0.00520739983767271,nan
markov,125,ladder_random,0.1,2,False,0.04502459987998009,0.04535809904336929,0.045089300721883774,0.0451154001057148,27750,0.01579977758228779,0.004093800205737352,0.07424294236103196
markov,125,ladder_random,0.25,2,False,0.04695320129394531,0.04695320129394531,0.047143999487161636,0.04693720117211342,30000,0.01639322191476822,0.005590599961578846,0.07744488863734994
markov,125,stacked_rbm,0.0,2,False,0.0438787005841732,0.047830600291490555,nan,0.044001299887895584,2250,0.0171267781406641,0.005092000123113394,nan
markov,125,stacked_rbm,0.1,2,False,0.04395719990134239,0.04625910148024559,0.043970100581645966,0.044044699519872665,2250,0.01705211214721203,0.005372200161218643,0.07554578341442345
markov,125,stacked_rbm,0.25,2,False,0.044749800115823746,0.04731860011816025,0.044792599976062775,0.04474639892578125,2250,0.017680222168564796,0.00634300010278821,0.07965154299816213
markov,70,ladder_random,0.0,2,False,0.10127050429582596,0.10161919891834259,nan,0.10135269910097122,28500,0.06502844393253326,0.017545800656080246,nan
markov,70,ladder_random,0.1,2,False,0.09970749914646149,0.10038720071315765,0.09926220029592514,0.10005220025777817,27000,0.06421378254890442,0.02076820097863674,0.11931044412581665
markov,70,ladder_random,0.25,2,False,0.0993076041340828,0.09979499876499176,0.09887219965457916,0.09935370087623596,27750,0.0650157779455185,0.0242794007062912,0.11774302896008863
markov,70,stacked_rbm,0.0,2,False,0.08827120065689087,0.09347890317440033,nan,0.08840960264205933,750,0.058572668582201004,0.03369760140776634,nan
markov,70,stacked_rbm,0.1,2,False,0.08832120150327682,0.09203720092773438,0.08837760239839554,0.08856859803199768,750,0.05868355557322502,0.033712200820446014,0.10759887293750163
markov,70,stacked_rbm,0.25,2,False,0.08829709887504578,0.09425050020217896,0.0883546993136406,0.08854430168867111,750,0.05867033451795578,0.03407420217990875,0.11066869586607284
markov,35,ladder_random,0.0,2,False,0.20075400173664093,0.2008005976676941,nan,0.20072130858898163,28500,0.17160166800022125,0.07911720126867294,nan
markov,35,ladder_random,0.1,2,False,0.19387879967689514,0.19383560121059418,0.19382889568805695,0.19383910298347473,28500,0.16455711424350739,0.076289601624012,0.21032734006451212
markov,35,ladder_random,0.25,2,False,0.17793799936771393,0.17803950607776642,0.17779220640659332,0.17835760116577148,29250,0.147592231631279,0.06960280239582062,0.19019584707409312
markov,35,stacked_rbm,0.0,2,False,0.17546939849853516,0.1849789023399353,nan,0.17584259808063507,750,0.147273451089859,0.08692099899053574,nan
markov,35,stacked_rbm,0.1,2,False,0.17599579691886902,0.1865765005350113,0.17613020539283752,0.17645689845085144,750,0.14794622361660004,0.08478200435638428,0.1868182081786022
markov,35,stacked_rbm,0.25,2,False,0.17109329998493195,0.17171630263328552,0.17393669486045837,0.17088469862937927,29250,0.14100533723831177,0.07278060168027878,0.19223811228458923
markov,250,ladder_random,0.0,3,True,0.013569300062954426,0.013569300062954426,nan,0.01354300044476986,30000,0.0015657778130844235,0.00017919999663718045,nan
markov,250,ladder_random,0.1,3,True,0.014248600229620934,0.014243099838495255,0.014239700511097908,0.014258500188589096,29250,0.001660666661337018,0.0001849999971454963,0.07421251679880897
markov,250,ladder_random,0.25,3,True,0.021560899913311005,0.021555399522185326,0.021560799330472946,0.02153719961643219,28500,0.003369666635990143,0.00037799999699927866,0.0733673397571244
markov,250,stacked_rbm,0.0,3,True,0.010785999707877636,0.010785999707877636,nan,0.01088619977235794,30000,0.0011318889446556568,0.00012419999984558672,nan
markov,250,stacked_rbm,0.1,3,True,0.011945700272917747,0.011939800344407558,0.011937900446355343,0.011955500580370426,29250,0.0016711110947653651,0.0001568000006955117,0.06529778230741945
markov,250,stacked_rbm,0.25,3,True,0.017310800030827522,0.017313500866293907,0.017316101118922234,0.017305700108408928,29250,0.0032364444341510534,0.00043200000072829425,0.06767054397481669
markov,125,ladder_random,0.0,3,False,0.0461152009665966,0.046257901936769485,nan,0.04611380025744438,29250,0.017921555787324905,0.005196600221097469,nan
markov,125,ladder_random,0.1,3,False,0.0440899021923542,0.044206999242305756,0.044211000204086304,0.044187501072883606,28500,0.015890778973698616,0.004232000093907118,0.07279766989903229
markov,125,ladder_random,0.25,3,False,0.04636570066213608,0.04636570066213608,0.046315502375364304,0.0463843010365963,30000,0.016135890036821365,0.005609800107777119,0.07654684440861453
markov,125,stacked_rbm,0.0,3,False,0.044575199484825134,0.04891759902238846,nan,0.044596001505851746,2250,0.01759355515241623,0.005056200083345175,nan
markov,125,stacked_rbm,0.1,3,False,0.04469349980354309,0.04613900184631348,0.04469370096921921,0.044789399951696396,2250,0.017644444480538368,0.005352600011974573,0.07763173013993595
markov,125,stacked_rbm,0.25,3,False,0.045425400137901306,0.04810409992933273,0.045471299439668655,0.04555800184607506,2250,0.01824033446609974,0.006258800160139799,0.08128511011299218
markov,70,ladder_random,0.0,3,False,0.1025451049208641,0.10295480489730835,nan,0.10274810343980789,27750,0.06598377972841263,0.01820960082113743,nan
markov,70,ladder_random,0.1,3,False,0.10208280384540558,0.10208380222320557,0.10113050043582916,0.10227770358324051,27750,0.06603222340345383,0.021666400134563446,0.12135109885443364
markov,70,ladder_random,0.25,3,False,0.10028260201215744,0.1005726009607315,0.0997036024928093,0.10061030089855194,29250,0.06575966626405716,0.024391600862145424,0.11805475578077214
markov,70,stacked_rbm,0.0,3,False,0.0889006033539772,0.09327010065317154,nan,0.08909080177545547,750,0.05896133556962013,0.03410959988832474,nan
markov,70,stacked_rbm,0.1,3,False,0.08899780362844467,0.09218069911003113,0.08903790265321732,0.08916889876127243,750,0.05916900187730789,0.03445360064506531,0.10917702072810659
markov,70,stacked_rbm,0.25,3,False,0.08899489790201187,0.09310819953680038,0.08903399854898453,0.08922749757766724,750,0.059142112731933594,0.0349574014544487,0.11213402305910655
markov,35,ladder_random,0.0,3,False,0.19302040338516235,0.19314759969711304,nan,0.19309820234775543,28500,0.16337989270687103,0.07258179783821106,nan
markov,35,ladder_random,0.1,3,False,0.19390089809894562,0.1939035952091217,0.1938984990119934,0.19401919841766357,29250,0.16429544985294342,0.0746849998831749,0.21008178334657254
markov,35,ladder_random,0.25,3,False,0.18183670938014984,0.18192660808563232,0.18186460435390472,0.18238990008831024,27750,0.15143510699272156,0.0717523992061615,0.19346791943388741
markov,35,stacked_rbm,0.0,3,False,0.1761792004108429,0.17884589731693268,nan,0.176276296377182,750,0.15024811029434204,0.09474319964647293,nan
markov,35,stacked_rbm,0.1,3,False,0.1754855066537857,0.18083180487155914,0.17573100328445435,0.1755675971508026,750,0.14935778081417084,0.09435439854860306,0.18661091210663308
markov,35,stacked_rbm,0.25,3,False,0.17367930710315704,0.19012150168418884,0.1743161976337433,0.17370960116386414,750,0.1471947878599167,0.09414820373058319,0.18743281891819263
lowdim,250,ladder_random,0.0,1,False,0.03835989907383919,0.03835880011320114,nan,0.03818409889936447,28500,0.010347667150199413,5.6000000768108293e-05,nan
lowdim,250,ladder_random,0.1,1,False,0.03480980172753334,0.03481290116906166,0.034804701805114746,0.034824199974536896,27000,0.007934888824820518,1.2999999853491317e-05,0.11335368294635709
lowdim,250,ladder_random,0.25,1,False,0.03984890133142471,0.03986389935016632,0.03985140100121498,0.03972969949245453,29250,0.010956999845802784,2.7800000680144876e-05,0.10749474562582609
lowdim,250,stacked_rbm,0.0,1,False,0.03648350015282631,0.03651659935712814,nan,0.036423102021217346,28500,0.009061667136847973,3.440000000409782e-05,nan
lowdim,250,stacked_rbm,0.1,1,False,0.03452710062265396,0.03452710062265396,0.034529801458120346,0.034617599099874496,30000,0.007758888881653547,1.320000046689529e-05,0.11323859087269816
lowdim,250,stacked_rbm,0.25,1,False,0.040118101984262466,0.040111102163791656,0.040095701813697815,0.0401277020573616,28500,0.011169889010488987,2.3599999622092582e-05,0.10771176759589708
lowdim,125,ladder_random,0.0,1,False,0.08223330229520798,0.08223330229520798,nan,0.0821676030755043,30000,0.04709400236606598,0.0021397999953478575,nan
lowdim,125,ladder_random,0.1,1,False,0.08220270276069641,0.08218750357627869,0.08219049870967865,0.08210790157318115,28500,0.04687266796827316,0.0019093999871984124,0.12183746997598079
lowdim,125,ladder_random,0.25,1,False,0.08118010312318802,0.0811735987663269,0.0811896026134491,0.08145330101251602,27750,0.04603077843785286,0.0017652000533416867,0.12760491430635254
lowdim,125,stacked_rbm,0.0,1,False,0.07163900136947632,0.07163900136947632,nan,0.07149089872837067,30000,0.03690033406019211,0.0010041999630630016,nan
lowdim,125,stacked_rbm,0.1,1,False,0.07131370157003403,0.07129339873790741,0.07134269922971725,0.07129640132188797,27750,0.036476001143455505,0.000861200038343668,0.11830964771817454
lowdim,125,stacked_rbm,0.25,1,False,0.07717560231685638,0.07715900242328644,0.07717280089855194,0.07705099880695343,29250,0.042040444910526276,0.0013871999690309167,0.1244937321892832
lowdim,70,ladder_random,0.0,1,False,0.13829700648784637,0.13833530247211456,nan,0.1385108083486557,29250,0.1043887808918953,0.01954679936170578,nan
lowdim,70,ladder_random,0.1,1,False,0.1394646018743515,0.13947300612926483,0.1394595056772232,0.13915850222110748,30000,0.1055067777633667,0.02019200101494789,0.1678392714171337
lowdim,70,ladder_random,0.25,1,False,0.14221230149269104,0.14219270646572113,0.14220160245895386,0.14213870465755463,28500,0.10846389085054398,0.021558599546551704,0.175929540734263
lowdim,70,stacked_rbm,0.0,1,False,0.1149435043334961,0.11502600461244583,nan,0.11494900286197662,29250,0.0799742266535759,0.0098860003054142,nan
lowdim,70,stacked_rbm,0.1,1,False,0.11376330256462097,0.11380670219659805,0.11380710452795029,0.11359730362892151,29250,0.07867644727230072,0.009077999740839005,0.14675540432345877
lowdim,70,stacked_rbm,0.25,1,False,0.1160942018032074,0.11610740423202515,0.1165510043501854,0.11602269858121872,28500,0.08104266971349716,0.009801600128412247,0.15204991665475448
lowdim,35,ladder_random,0.0,1,False,0.2521679997444153,0.2521224915981293,nan,0.2523918151855469,29250,0.22740033268928528,0.12843739986419678,nan
lowdim,35,ladder_random,0.1,1,False,0.24453529715538025,0.24453550577163696,0.24455280601978302,0.24459309875965118,30000,0.21903856098651886,0.11893520504236221,0.2633486789431545
lowdim,35,ladder_random,0.25,1,False,0.25247591733932495,0.2524821162223816,0.25245991349220276,0.25230979919433594,30000,0.22771145403385162,0.1286648064851761,0.269323864448558
lowdim,35,stacked_rbm,0.0,1,False,0.19053199887275696,0.19712530076503754,nan,0.1903710961341858,5250,0.16024233400821686,0.05961740016937256,nan
lowdim,35,stacked_rbm,0.1,1,False,0.18992720544338226,0.19180920720100403,0.19019460678100586,0.18969149887561798,5250,0.15964411199092865,0.05900900065898895,0.21536829463570856
lowdim,35,stacked_rbm,0.25,1,False,0.18910600244998932,0.18947149813175201,0.18960809707641602,0.18850840628147125,25500,0.1588210016489029,0.05869020149111748,0.2219518123136344
lowdim,250,ladder_random,0.0,2,False,0.03821580111980438,0.038154300302267075,nan,0.0381183996796608,26250,0.010193999856710434,5.560000136028975e-05,nan
lowdim,250,ladder_random,0.1,2,False,0.03438670188188553,0.034381601959466934,0.03437339887022972,0.03443409875035286,28500,0.0076437778770923615,1.140000040322775e-05,0.11269125166729659
lowdim,250,ladder_random,0.25,2,False,0.03986290097236633,0.03988189995288849,0.039883099496364594,0.03991590067744255,27000,0.010964666493237019,2.4400000256719068e-05,0.10740411132865231
lowdim,250,stacked_rbm,0.0,2,False,0.037361498922109604,0.03739500045776367,nan,0.03736789897084236,29250,0.00957744475454092,3.859999924316071e-05,nan
lowdim,250,stacked_rbm,0.1,2,False,0.034705501049757004,0.034705501049757004,0.03472340106964111,0.034739900380373,30000,0.007824555970728397,1.5400000847876072e-05,0.11299321482779101
lowdim,250,stacked_rbm,0.25,2,False,0.040063802152872086,0.04006990045309067,0.040053900331258774,0.04013200104236603,27750,0.011087444610893726,3.199999991920777e-05,0.10784368231696707
lowdim,125,ladder_random,0.0,2,False,0.08754999935626984,0.08757060021162033,nan,0.08768310397863388,29250,0.052261777222156525,0.002876600017771125,nan
lowdim,125,ladder_random,0.1,2,False,0.0868310034275055,0.0868310034275055,0.08683639764785767,0.08675940334796906,30000,0.05133022367954254,0.0024449999909847975,0.12451980858335283
lowdim,125,ladder_random,0.25,2,False,0.0853084996342659,0.0853084996342659,0.08533240109682083,0.08502770215272903,30000,0.049916334450244904,0.0022287999745458364,0.12945705583431494
lowdim,125,stacked_rbm,0.0,2,False,0.07025480270385742,0.07016120105981827,nan,0.07034099847078323,27750,0.03554833307862282,0.000909399997908622,nan
lowdim,125,stacked_rbm,0.1,2,False,0.07003970444202423,0.0700531005859375,0.07006890326738358,0.07020200043916702,29250,0.035469889640808105,0.0008410000009462237,0.11781762624959755
lowdim,125,stacked_rbm,0.25,2,False,0.07615580409765244,0.0761381983757019,0.076145701110363,0.076283298432827,28500,0.04123711213469505,0.001321400050073862,0.12398141722646305
lowdim,70,ladder_random,0.0,2,False,0.1366066038608551,0.13660989701747894,nan,0.13650670647621155,30000,0.10250100493431091,0.018571600317955017,nan
lowdim,70,ladder_random,0.1,2,False,0.13961240649223328,0.13960939645767212,0.13962310552597046,0.13958969712257385,30000,0.1056874468922615,0.020266801118850708,0.16893039049235994
lowdim,70,ladder_random,0.25,2,False,0.14617469906806946,0.14616890251636505,0.1461879014968872,0.14611370861530304,30000,0.1126197800040245,0.02410680055618286,0.17893419034343733
lowdim,70,stacked_rbm,0.0,2,False,0.11327440291643143,0.1132768988609314,nan,0.11310020089149475,30000,0.07821989059448242,0.009119200520217419,nan
lowdim,70,stacked_rbm,0.1,2,False,0.11338460445404053,0.1132998988032341,0.11344850063323975,0.11330699920654297,27000,0.07831878215074539,0.008874000050127506,0.14673909783006472
lowdim,70,stacked_rbm,0.25,2,False,0.11696019768714905,0.11695360392332077,0.11713120341300964,0.11704470217227936,27750,0.08198311179876328,0.010018800385296345,0.15257513004141726
lowdim,35,ladder_random,0.0,2,False,0.266745001077652,0.26673170924186707,nan,0.2663339078426361,28500,0.24330933392047882,0.14698059856891632,nan
lowdim,35,ladder_random,0.1,2,False,0.25114279985427856,0.2511449158191681,0.251088410615921,0.2509250044822693,29250,0.22634433209896088,0.12776720523834229,0.27006405218563334
lowdim,35,ladder_random,0.25,2,False,0.2590138018131256,0.2589775025844574,0.2590143084526062,0.25849100947380066,28500,0.2348448932170868,0.13713079690933228,0.27482986122915887
lowdim,35,stacked_rbm,0.0,2,False,0.1905324012041092,0.19658130407333374,nan,0.19022859632968903,5250,0.16028045117855072,0.059578802436590195,nan
lowdim,35,stacked_rbm,0.1,2,False,0.1908809095621109,0.19417600333690643,0.18977920711040497,0.19052700698375702,5250,0.16065244376659393,0.0601034015417099,0.21677555338248733
lowdim,35,stacked_rbm,0.25,2,False,0.19014820456504822,0.19057750701904297,0.19051560759544373,0.19014869630336761,27750,0.15994833409786224,0.06020120158791542,0.2231368729663842
lowdim,250,ladder_random,0.0,3,False,0.038561899214982986,0.03856860101222992,nan,0.03857770189642906,29250,0.010394667275249958,5.740000051446259e-05,nan
lowdim,250,ladder_random,0.1,3,False,0.034797199070453644,0.03483489900827408,0.03481680154800415,0.034711699932813644,28500,0.007896333932876587,1.2600000445672777e-05,0.11380924546494607
lowdim,250,ladder_random,0.25,3,False,0.039994802325963974,0.03999419882893562,0.03998279944062233,0.03989339992403984,26250,0.01098155602812767,2.7399999453336932e-05,0.10785962672911308
lowdim,250,stacked_rbm,0.0,3,False,0.036796100437641144,0.036796100437641144,nan,0.036826301366090775,30000,0.009269556030631065,3.400000059627928e-05,nan
lowdim,250,stacked_rbm,0.1,3,False,0.034406401216983795,0.034395501017570496,0.03441010043025017,0.03431529924273491,29250,0.007639777846634388,1.0400000064691994e-05,0.11264219660976305
lowdim,250,stacked_rbm,0.25,3,False,0.040040601044893265,0.04002569988369942,0.04001479968428612,0.0400536023080349,27750,0.01105388905853033,2.4599999960628338e-05,0.10855623056547277
lowdim,125,ladder_random,0.0,3,False,0.08462440222501755,0.08462440222501755,nan,0.08469130098819733,30000,0.04931644722819328,0.00243460014462471,nan
lowdim,125,ladder_random,0.1,3,False,0.08365990221500397,0.08368320018053055,0.08365210145711899,0.08368679881095886,28500,0.048300113528966904,0.0020534000359475613,0.12298376822889345
lowdim,125,ladder_random,0.25,3,False,0.08159000426530838,0.08158320188522339,0.08158230036497116,0.08173009753227234,29250,0.0463121123611927,0.0017376000760123134,0.12815591129537923
lowdim,125,stacked_rbm,0.0,3,False,0.07040650397539139,0.07044640183448792,nan,0.07052499800920486,27000,0.035806555300951004,0.0009758000378496945,nan
lowdim,125,stacked_rbm,0.1,3,False,0.07052600383758545,0.07048109918832779,0.07049889862537384,0.07057230174541473,28500,0.03581344336271286,0.0008779999916441739,0.11834554837807187
lowdim,125,stacked_rbm,0.25,3,False,0.0767441987991333,0.07674700021743774,0.07674749940633774,0.0767723023891449,29250,0.0417071133852005,0.00135859998408705,0.12466169526661292
lowdim,70,ladder_random,0.0,3,False,0.13479310274124146,0.13483360409736633,nan,0.13490669429302216,29250,0.10062266886234283,0.01757200062274933,nan
lowdim,70,ladder_random,0.1,3,False,0.14436280727386475,0.1444305032491684,0.1443721055984497,0.14463180303573608,29250,0.11064033210277557,0.02294060029089451,0.17319684457167409
lowdim,70,ladder_random,0.25,3,False,0.13911990821361542,0.1391213983297348,0.13909989595413208,0.1394283026456833,30000,0.1051647812128067,0.020017201080918312,0.17300208261353603
lowdim,70,stacked_rbm,0.0,3,False,0.11459720134735107,0.11466120183467865,nan,0.11435410380363464,29250,0.07974322140216827,0.009999600239098072,nan
lowdim,70,stacked_rbm,0.1,3,False,0.11417879909276962,0.11417720466852188,0.11424610018730164,0.11411680281162262,28500,0.07927444577217102,0.009477199986577034,0.14709012155093598
lowdim,70,stacked_rbm,0.25,3,False,0.11609309911727905,0.11606159806251526,0.11690109968185425,0.11613920331001282,29250,0.08106978237628937,0.009871800430119038,0.1529461303696879
lowdim,35,ladder_random,0.0,3,False,0.2668083906173706,0.2668408155441284,nan,0.26701289415359497,29250,0.24341411888599396,0.146982803940773,nan
lowdim,35,ladder_random,0.1,3,False,0.2513146996498108,0.25126880407333374,0.25127971172332764,0.2516274154186249,29250,0.22646178305149078,0.12697219848632812,0.2688778645403996
lowdim,35,ladder_random,0.25,3,False,0.24647600948810577,0.24648059904575348,0.24647250771522522,0.24654710292816162,29250,0.22120633721351624,0.12083340436220169,0.2642543859649123
lowdim,35,stacked_rbm,0.0,3,False,0.18967260420322418,0.19454769790172577,nan,0.19003669917583466,5250,0.15943866968154907,0.05905760079622269,nan
lowdim,35,stacked_rbm,0.1,3,False,0.19010020792484283,0.19064590334892273,0.188829705119133,0.1901032030582428,5250,0.15980778634548187,0.059243399649858475,0.215991966547264
lowdim,35,stacked_rbm,0.25,3,False,0.18825149536132812,0.18884190917015076,0.18924060463905334,0.18848749995231628,28500,0.15790434181690216,0.05796800181269646,0.22109853865151574
code,250,ladder_random,0.0,1,False,0.24769259989261627,0.2782841920852661,nan,0.2475053071975708,1500,0.22273756563663483,0.12704819440841675,nan
code,250,ladder_random,0.1,1,False,0.2478238046169281,0.26445499062538147,0.24786320328712463,0.2475731074810028,1500,0.22275367379188538,0.12735740840435028,0.4998068454763811
code,250,ladder_random,0.25,1,False,0.24792510271072388,0.2728620171546936,0.2479275017976761,0.24778519570827484,1500,0.22288399934768677,0.12729419767856598,0.5002740803293608
code,250,stacked_rbm,0.0,1,False,0.24727129936218262,0.24731341004371643,nan,0.2472466081380844,28500,0.219516783952713,0.019460199400782585,nan
code,250,stacked_rbm,0.1,1,False,0.24441219866275787,0.2443893998861313,0.24437899887561798,0.2444014996290207,29250,0.21649812161922455,0.022991400212049484,0.48091573258606884
code,250,stacked_rbm,0.25,1,False,0.26192599534988403,0.26194509863853455,0.26192641258239746,0.26210451126098633,29250,0.23571044206619263,0.03671799972653389,0.48838271784381065
code,125,ladder_random,0.0,1,False,0.3441683053970337,0.36448729038238525,nan,0.34413859248161316,1500,0.3282672166824341,0.25257518887519836,nan
code,125,ladder_random,0.1,1,False,0.3431771993637085,0.3750517964363098,0.342865914106369,0.3431932032108307,2250,0.3270987868309021,0.24617640674114227,0.4999379503602882
code,125,ladder_random,0.25,1,False,0.3419262170791626,0.3732343018054962,0.34158629179000854,0.3417927920818329,2250,0.3256579041481018,0.2461400032043457,0.49994134000255464
code,125,stacked_rbm,0.0,1,False,0.36849871277809143,0.36851370334625244,nan,0.3683443069458008,28500,0.3538033366203308,0.23864799737930298,nan
code,125,stacked_rbm,0.1,1,False,0.37290459871292114,0.37309810519218445,0.3729130029678345,0.37269291281700134,11250,0.35875022411346436,0.24619320034980774,0.49465872698158525
code,125,stacked_rbm,0.25,1,False,0.3750230073928833,0.3751128017902374,0.3750218152999878,0.3746758997440338,11250,0.36115890741348267,0.25013118982315063,0.4952389303779906
code,70,ladder_random,0.0,1,False,0.405164897441864,0.40819600224494934,nan,0.40485650300979614,2250,0.39523768424987793,0.34464719891548157,nan
code,70,ladder_random,0.1,1,False,0.4038161039352417,0.44127070903778076,0.403350293636322,0.404011994600296,2250,0.39397290349006653,0.3440436124801636,0.4995626501200961
code,70,ladder_random,0.25,1,False,0.40106430649757385,0.4291214942932129,0.400688111782074,0.4011484980583191,3000,0.3907385766506195,0.3387660086154938,0.4995437333304504
code,70,stacked_rbm,0.0,1,False,0.41410619020462036,0.42566540837287903,nan,0.41413891315460205,2250,0.40466633439064026,0.3352470099925995,nan
code,70,stacked_rbm,0.1,1,False,0.4124535024166107,0.42798709869384766,0.41235071420669556,0.41250690817832947,3000,0.40281757712364197,0.3331606090068817,0.4980104083266613
code,70,stacked_rbm,0.25,1,False,0.40997159481048584,0.4233662188053131,0.4101603925228119,0.4098663926124573,3750,0.4001798927783966,0.33041441440582275,0.498107063904962
code,35,ladder_random,0.0,1,False,0.43502330780029297,0.4356748163700104,nan,0.4347859025001526,18000,0.42826712131500244,0.3906514048576355,nan
code,35,ladder_random,0.1,1,False,0.4350143074989319,0.4350244104862213,0.43498939275741577,0.43509820103645325,28500,0.42821645736694336,0.38963380455970764,0.4915302241793435
code,35,ladder_random,0.25,1,False,0.4439130127429962,0.44387540221214294,0.443983793258667,0.44394299387931824,27000,0.43801045417785645,0.40511080622673035,0.49506555304765715
code,35,stacked_rbm,0.0,1,False,0.44189679622650146,0.4611228108406067,nan,0.44223231077194214,2250,0.43551334738731384,0.38887661695480347,nan
code,35,stacked_rbm,0.1,1,False,0.4416033923625946,0.4627183973789215,0.44153380393981934,0.44177621603012085,3000,0.4352293312549591,0.3887540102005005,0.49829663730984786
code,35,stacked_rbm,0.25,1,False,0.4410440921783447,0.4555027186870575,0.44117259979248047,0.4411500096321106,3750,0.4345925748348236,0.38828301429748535,0.49813829584899433
code,250,ladder_random,0.0,2,False,0.2477301061153412,0.285889208316803,nan,0.2478955090045929,1500,0.22272567451000214,0.12722359597682953,nan
code,250,ladder_random,0.1,2,False,0.2477063089609146,0.27207469940185547,0.24771679937839508,0.247720405459404,1500,0.22274722158908844,0.12727899849414825,0.49962804537846384
code,250,ladder_random,0.25,2,False,0.24795480072498322,0.2780485153198242,0.24804329872131348,0.24800020456314087,1500,0.22293545305728912,0.12729060649871826,0.5006265586471292
code,250,stacked_rbm,0.0,2,False,0.24506960809230804,0.24507500231266022,nan,0.2450927048921585,29250,0.21703623235225677,0.013744600117206573,nan
code,250,stacked_rbm,0.1,2,False,0.2421168088912964,0.2421168088912964,0.24208539724349976,0.24207310378551483,30000,0.2140248864889145,0.021532200276851654,0.4787525921837536
code,250,stacked_rbm,0.25,2,False,0.2578977942466736,0.2578977942466736,0.2579396069049835,0.25803670287132263,30000,0.2314414530992508,0.0358147993683815,0.48416844488263777
code,125,ladder_random,0.0,2,False,0.343715101480484,0.3668020963668823,nan,0.3439137935638428,1500,0.3277435600757599,0.25210699439048767,nan
code,125,ladder_random,0.1,2,False,0.343321293592453,0.37360548973083496,0.34307870268821716,0.3434533178806305,2250,0.3271884620189667,0.24613040685653687,0.5007889037537421
code,125,ladder_random,0.25,2,False,0.3418259918689728,0.37267589569091797,0.341695100069046,0.3418574929237366,2250,0.3255425691604614,0.24609340727329254,0.499771815060206
code,125,stacked_rbm,0.0,2,False,0.3669233024120331,0.36899539828300476,nan,0.36690211296081543,9750,0.35212990641593933,0.23523400723934174,nan
code,125,stacked_rbm,0.1,2,False,0.3685176968574524,0.36963629722595215,0.36853229999542236,0.3684625029563904,18000,0.3539693355560303,0.23789380490779877,0.48785048224116656
code,125,stacked_rbm,0.25,2,False,0.3662799894809723,0.3665992021560669,0.36660289764404297,0.3661130964756012,18750,0.35149165987968445,0.2373408079147339,0.491931132545252
code,70,ladder_random,0.0,2,False,0.4055730998516083,0.4061567187309265,nan,0.40515780448913574,2250,0.39589056372642517,0.34593579173088074,nan
code,70,ladder_random,0.1,2,False,0.4040873944759369,0.43186020851135254,0.40371569991111755,0.4039863049983978,3000,0.3941487967967987,0.3420216143131256,0.49932408246193966
code,70,ladder_random,0.25,2,False,0.3993853032588959,0.4324954152107239,0.3991498053073883,0.39940300583839417,3000,0.3890835642814636,0.3372388184070587,0.5003109794753546
code,70,stacked_rbm,0.0,2,False,0.4118240177631378,0.4200192987918854,nan,0.41184911131858826,3000,0.40218889713287354,0.33105480670928955,nan
code,70,stacked_rbm,0.1,2,False,0.4102868139743805,0.42509061098098755,0.41024860739707947,0.4103091061115265,3000,0.4004009962081909,0.3285728096961975,0.4940037315447515
code,70,stacked_rbm,0.25,2,False,0.4077422022819519,0.4140329957008362,0.4076417088508606,0.4075782001018524,3750,0.39770111441612244,0.32546481490135193,0.4954612995542294
code,35,ladder_random,0.0,2,False,0.4340706169605255,0.4340481162071228,nan,0.43393099308013916,18000,0.4271392226219177,0.38906800746917725,nan
code,35,ladder_random,0.1,2,False,0.43908631801605225,0.4396573007106781,0.4390230178833008,0.4391556978225708,21750,0.43271979689598083,0.3966633975505829,0.4968503842531211
code,35,ladder_random,0.25,2,False,0.44849419593811035,0.4547227919101715,0.4483759105205536,0.4484300911426544,3000,0.44314178824424744,0.41655901074409485,0.5000009999340044
code,35,stacked_rbm,0.0,2,False,0.4392662048339844,0.44868209958076477,nan,0.43919050693511963,3750,0.43261122703552246,0.38412919640541077,nan
code,35,stacked_rbm,0.1,2,False,0.43906351923942566,0.4539504051208496,0.4388768970966339,0.4390164911746979,4500,0.43238377571105957,0.3841685950756073,0.49105709103489376
code,35,stacked_rbm,0.25,2,False,0.43826520442962646,0.446942001581192,0.43856939673423767,0.4383634924888611,4500,0.43154412508010864,0.38303661346435547,0.49495173318560975
code,250,ladder_random,0.0,3,False,0.247599795460701,0.27622199058532715,nan,0.24763250350952148,1500,0.2225291132926941,0.1271740049123764,nan
code,250,ladder_random,0.1,3,False,0.24765130877494812,0.26023760437965393,0.2476446032524109,0.24766799807548523,1500,0.22257278859615326,0.12730540335178375,0.5004481347701624
code,250,ladder_random,0.25,3,False,0.2478279024362564,0.2723798155784607,0.24781210720539093,0.24781310558319092,1500,0.22273500263690948,0.12735560536384583,0.49980405517806187
code,250,stacked_rbm,0.0,3,False,0.2372187077999115,0.2372187077999115,nan,0.23700180649757385,30000,0.20852677524089813,0.009708800353109837,nan
code,250,stacked_rbm,0.1,3,False,0.24302290380001068,0.24299781024456024,0.24300870299339294,0.24292050302028656,29250,0.21487011015415192,0.014677200466394424,0.4719363718569366
code,250,stacked_rbm,0.25,3,False,0.25997158885002136,0.25997158885002136,0.26000741124153137,0.2600131928920746,30000,0.23348544538021088,0.03153819963335991,0.4801395926906983
code,125,ladder_random,0.0,3,False,0.34371060132980347,0.36813390254974365,nan,0.34381619095802307,1500,0.32771623134613037,0.25232499837875366,nan
code,125,ladder_random,0.1,3,False,0.3432179093360901,0.3738953173160553,0.34301450848579407,0.34315991401672363,2250,0.32697343826293945,0.24619139730930328,0.4990722561112693
code,125,ladder_random,0.25,3,False,0.3418619930744171,0.37195560336112976,0.34143969416618347,0.3417690098285675,2250,0.3255745470523834,0.246356800198555,0.49992642071992527
code,125,stacked_rbm,0.0,3,False,0.3677794933319092,0.3680696189403534,nan,0.367593914270401,20250,0.35315001010894775,0.23714520037174225,nan
code,125,stacked_rbm,0.1,3,False,0.37365779280662537,0.37371179461479187,0.3736574053764343,0.37360769510269165,25500,0.3596753478050232,0.24761740863323212,0.4832541478694864
code,125,stacked_rbm,0.25,3,False,0.3747292160987854,0.37468621134757996,0.3747292160987854,0.37468221783638,28500,0.36085245013237,0.2497989982366562,0.48925702522169756
code,70,ladder_random,0.0,3,False,0.40571531653404236,0.4161849915981293,nan,0.40561169385910034,2250,0.39602646231651306,0.34610259532928467,nan
code,70,ladder_random,0.1,3,False,0.40442249178886414,0.43609419465065,0.40379971265792847,0.40432441234588623,2250,0.39453500509262085,0.34505540132522583,0.4999395492673471
code,70,ladder_random,0.25,3,False,0.4004485011100769,0.42498910427093506,0.4001086950302124,0.4002774953842163,3000,0.39014044404029846,0.33861279487609863,0.49985803997594275
code,70,stacked_rbm,0.0,3,False,0.41371670365333557,0.4264940917491913,nan,0.4138511121273041,2250,0.4042595624923706,0.33453741669654846,nan
code,70,stacked_rbm,0.1,3,False,0.41304531693458557,0.4288997948169708,0.41300079226493835,0.41272130608558655,3000,0.4035654664039612,0.3345158100128174,0.5002043334682233
code,70,stacked_rbm,0.25,3,False,0.4112167954444885,0.4288789927959442,0.41120171546936035,0.41095229983329773,3000,0.4014834463596344,0.33191078901290894,0.4991578371530577
code,35,ladder_random,0.0,3,False,0.43453550338745117,0.43460801243782043,nan,0.4344300925731659,24750,0.4276716709136963,0.38808581233024597,nan
code,35,ladder_random,0.1,3,False,0.43788889050483704,0.43786540627479553,0.43785420060157776,0.43767720460891724,27750,0.4312823414802551,0.39527881145477295,0.4961896054715407
code,35,ladder_random,0.25,3,False,0.4465041160583496,0.4479857087135315,0.44631829857826233,0.4465751051902771,3000,0.4410223364830017,0.41371139883995056,0.4998072542771955
code,35,stacked_rbm,0.0,3,False,0.44048580527305603,0.46263960003852844,nan,0.44076600670814514,3000,0.433960884809494,0.38670119643211365,nan
code,35,stacked_rbm,0.1,3,False,0.43994659185409546,0.4639357030391693,0.4399242103099823,0.440179705619812,3000,0.4333503544330597,0.3858148157596588,0.5000054955211503
code,35,stacked_rbm,0.25,3,False,0.4388331174850464,0.4571405053138733,0.43886151909828186,0.43895870447158813,3750,0.43227413296699524,0.3854038119316101,0.4995021401973204
random,250,ladder_random,0.0,1,False,0.24779459834098816,0.2835861146450043,nan,0.24776610732078552,1500,0.22268745303153992,0.12698620557785034,nan
random,250,ladder_random,0.1,1,False,0.24781180918216705,0.2805604934692383,0.2477875053882599,0.24767480790615082,1500,0.2227557748556137,0.12695619463920593,0.49991393114491595
random,250,ladder_random,0.25,1,False,0.2479892075061798,0.28266671299934387,0.24799410998821259,0.24786579608917236,1500,0.22290077805519104,0.12713660299777985,0.5001639677061699
random,250,stacked_rbm,0.0,1,False,0.25968819856643677,0.25968819856643677,nan,0.25973841547966003,30000,0.23309101164340973,0.023800000548362732,nan
random,250,stacked_rbm,0.1,1,False,0.2631758153438568,0.2631758153438568,0.26317641139030457,0.26302340626716614,30000,0.23698990046977997,0.03289220109581947,0.50048839071257
random,250,stacked_rbm,0.25,1,False,0.26612281799316406,0.26612281799316406,0.2661305069923401,0.2660137116909027,30000,0.24030256271362305,0.04559360072016716,0.5002336389659343
random,250,ladder_random,0.0,2,False,0.24777370691299438,0.2846912145614624,nan,0.24762339890003204,1500,0.22271455824375153,0.12698839604854584,nan
random,250,ladder_random,0.1,2,False,0.24771510064601898,0.2825286090373993,0.2476866990327835,0.2475356012582779,1500,0.2227027863264084,0.12706099450588226,0.5005579319323042
random,250,ladder_random,0.25,2,False,0.24790440499782562,0.2822650074958801,0.2479846030473709,0.24773339927196503,1500,0.2228071093559265,0.12720100581645966,0.4998210118132203
random,250,stacked_rbm,0.0,2,False,0.2572055160999298,0.25724709033966064,nan,0.25721099972724915,27750,0.23039767146110535,0.01860800012946129,nan
random,250,stacked_rbm,0.1,2,False,0.2612309157848358,0.2612341046333313,0.2612200081348419,0.261155903339386,29250,0.23473267257213593,0.028411800041794777,0.500219973163274
random,250,stacked_rbm,0.25,2,False,0.26478540897369385,0.2647629976272583,0.2647759020328522,0.26470041275024414,28500,0.23891855776309967,0.04178880155086517,0.5001481902194456
random,250,ladder_random,0.0,3,False,0.24787400662899017,0.286380410194397,nan,0.2476007044315338,1500,0.22273389995098114,0.12711060047149658,nan
random,250,ladder_random,0.1,3,False,0.24776490032672882,0.28554290533065796,0.24773700535297394,0.24772100150585175,1500,0.2227686643600464,0.12717220187187195,0.5008787837912102
random,250,ladder_random,0.25,3,False,0.2479439079761505,0.28350830078125,0.2479023039340973,0.2478296011686325,1500,0.22285044193267822,0.1272449940443039,0.5001459588979743
random,250,stacked_rbm,0.0,3,False,0.2562536895275116,0.2562536895275116,nan,0.2563104033470154,30000,0.2293122261762619,0.016196399927139282,nan
random,250,stacked_rbm,0.1,3,False,0.2604050934314728,0.2604008913040161,0.260398805141449,0.2604227066040039,29250,0.23383422195911407,0.025860199704766273,0.5003801901450318
random,250,stacked_rbm,0.25,3,False,0.2611725926399231,0.2611823081970215,0.26117560267448425,0.26144999265670776,29250,0.23502622544765472,0.04039619863033295,0.5002947170076907
markov,250,ladder_random,0.0,0,True,0.013477600179612637,0.013512500561773777,nan,0.013599599711596966,29250,0.0015447777695953846,0.00017579999985173345,nan
markov,250,ladder_random,0.1,0,True,0.01381279993802309,0.013808900490403175,0.01380810048431158,0.013933400623500347,28500,0.001587222213856876,0.00017379999917466193,0.07232844138063556
markov,250,ladder_random,0.25,0,True,0.02023709937930107,0.0202334001660347,0.020240500569343567,0.020379099994897842,28500,0.0031998888589441776,0.00036700000055134296,0.07078927810256301
markov,250,stacked_rbm,0.0,0,True,0.010785500518977642,0.01081520039588213,nan,0.010886000469326973,29250,0.0011271111434325576,0.0001221999991685152,nan
markov,250,stacked_rbm,0.1,0,True,0.011459399946033955,0.011447899974882603,0.011452999897301197,0.01158630009740591,28500,0.001550000044517219,0.00014879999798722565,0.06346427913754313
markov,250,stacked_rbm,0.25,0,True,0.016820799559354782,0.016812000423669815,0.01682320050895214,0.01694660075008869,28500,0.003160222200676799,0.00041259999852627516,0.06735068130272485
markov,125,ladder_random,0.0,0,False,0.046675000339746475,0.04688020050525665,nan,0.046945299953222275,29250,0.018153443932533264,0.005206999834626913,nan
markov,125,ladder_random,0.1,0,False,0.04443399980664253,0.04483390226960182,0.04460180178284645,0.044679898768663406,28500,0.01595233380794525,0.004155000206083059,0.07335126782440211
markov,125,ladder_random,0.25,0,False,0.04629639908671379,0.04650560021400452,0.046447500586509705,0.04651300236582756,27000,0.016609778627753258,0.005616399925202131,0.07630318660894227
markov,125,stacked_rbm,0.0,0,False,0.04434819892048836,0.046933699399232864,nan,0.04464549943804741,2250,0.017551222816109657,0.005060799885541201,nan
markov,125,stacked_rbm,0.1,0,False,0.044579099863767624,0.04663969948887825,0.044582799077034,0.04474470019340515,2250,0.017535889521241188,0.005319599993526936,0.07689713288336976
markov,125,stacked_rbm,0.25,0,False,0.045502301305532455,0.049374502152204514,0.04548089951276779,0.04569990187883377,2250,0.018361445516347885,0.006155800074338913,0.08125938757715453
markov,70,ladder_random,0.0,0,False,0.1005719006061554,0.10097450017929077,nan,0.10126800090074539,27000,0.06510289013385773,0.018300600349903107,nan
markov,70,ladder_random,0.1,0,False,0.10224810242652893,0.1029748022556305,0.10179059952497482,0.1027987003326416,27000,0.0657016709446907,0.021497000008821487,0.12083763681054292
markov,70,ladder_random,0.25,0,False,0.09983170032501221,0.09983289986848831,0.09965430200099945,0.10031510144472122,28500,0.0649418905377388,0.02341720089316368,0.11911753476476936
markov,70,stacked_rbm,0.0,0,False,0.08906610310077667,0.09088809788227081,nan,0.08948449790477753,750,0.05931255593895912,0.03363199904561043,nan
markov,70,stacked_rbm,0.1,0,False,0.08910520374774933,0.0898469015955925,0.08912230283021927,0.08955000340938568,750,0.05944022163748741,0.033692602068185806,0.1087568755554488
markov,70,stacked_rbm,0.25,0,False,0.08907060325145721,0.0898284986615181,0.0891226977109909,0.08953750133514404,750,0.05939655750989914,0.03425860032439232,0.1119193095140908
markov,35,ladder_random,0.0,0,False,0.20194299519062042,0.2019205093383789,nan,0.20267410576343536,29250,0.17295999825000763,0.07978659868240356,nan
markov,35,ladder_random,0.1,0,False,0.20169760286808014,0.20165620744228363,0.20165599882602692,0.2028995007276535,29250,0.1727474480867386,0.08069480210542679,0.21674913329970616
markov,35,ladder_random,0.25,0,False,0.1785065084695816,0.1784954071044922,0.17850349843502045,0.1791089028120041,27000,0.1479291170835495,0.07107839733362198,0.188061780402357
markov,35,stacked_rbm,0.0,0,False,0.1719316989183426,0.18446780741214752,nan,0.17275850474834442,750,0.1461511105298996,0.09429419785737991,nan
markov,35,stacked_rbm,0.1,0,False,0.1709837019443512,0.18347010016441345,0.17116080224514008,0.17165540158748627,750,0.1452595591545105,0.09413540363311768,0.18133151586481877
markov,35,stacked_rbm,0.25,0,False,0.17325469851493835,0.178603395819664,0.17404530942440033,0.17407649755477905,750,0.14734767377376556,0.09463900327682495,0.18745050095729798
lowdim,250,ladder_random,0.0,0,False,0.039323799312114716,0.0393035002052784,nan,0.03939419984817505,27750,0.01093211118131876,6.620000203838572e-05,nan
lowdim,250,ladder_random,0.1,0,False,0.03449080139398575,0.03446090221405029,0.034478601068258286,0.03429650142788887,29250,0.007693889085203409,1.2399999832268804e-05,0.11262299938350187
lowdim,250,ladder_random,0.25,0,False,0.03998440131545067,0.039934199303388596,0.039976999163627625,0.0399789996445179,24750,0.011045888997614384,2.7600000976235606e-05,0.10749203117884981
lowdim,250,stacked_rbm,0.0,0,False,0.037532299757003784,0.03749470040202141,nan,0.03745429962873459,28500,0.009713666513562202,4.3399999412940815e-05,nan
lowdim,250,stacked_rbm,0.1,0,False,0.03507320210337639,0.03507320210337639,0.035087700933218,0.03517960011959076,30000,0.008034888654947281,1.4000000192027073e-05,0.11273308833537499
lowdim,250,stacked_rbm,0.25,0,False,0.04060009866952896,0.04060009866952896,0.040609799325466156,0.040549300611019135,30000,0.01138655561953783,2.8599999495781958e-05,0.10873857748996427
lowdim,125,ladder_random,0.0,0,False,0.08733930438756943,0.08733930438756943,nan,0.0873963013291359,30000,0.05199866741895676,0.002743199933320284,nan
lowdim,125,ladder_random,0.1,0,False,0.08571220189332962,0.08571039885282516,0.08575750142335892,0.08575519919395447,29250,0.05026455596089363,0.0023424001410603523,0.12380403365919664
lowdim,125,ladder_random,0.25,0,False,0.08555930107831955,0.08555930107831955,0.08559930324554443,0.08578330278396606,30000,0.0501626692712307,0.0022688000462949276,0.12989868113161457
lowdim,125,stacked_rbm,0.0,0,False,0.07109060138463974,0.07110130041837692,nan,0.07106859982013702,28500,0.03639055788516998,0.0009473999962210655,nan
lowdim,125,stacked_rbm,0.1,0,False,0.07119599729776382,0.07115139812231064,0.07119230180978775,0.07113289833068848,29250,0.03649722412228584,0.0008699999889358878,0.11794830222820038
lowdim,125,stacked_rbm,0.25,0,False,0.07687690109014511,0.07682820409536362,0.07687480002641678,0.0767132043838501,27000,0.04178844392299652,0.001385000068694353,0.1247369879235329
lowdim,70,ladder_random,0.0,0,False,0.1408023089170456,0.1407938003540039,nan,0.1404384970664978,30000,0.10694599896669388,0.02096860110759735,nan
lowdim,70,ladder_random,0.1,0,False,0.1432960033416748,0.14329129457473755,0.1432722955942154,0.1431816965341568,29250,0.10962900519371033,0.022208400070667267,0.17199997598059233
lowdim,70,ladder_random,0.25,0,False,0.14198310673236847,0.14195050299167633,0.14196880161762238,0.1418638974428177,28500,0.10822344571352005,0.021624000743031502,0.17566987871560155
lowdim,70,stacked_rbm,0.0,0,False,0.11371610313653946,0.11372720450162888,nan,0.11377560347318649,30000,0.07867389172315598,0.009418000467121601,nan
lowdim,70,stacked_rbm,0.1,0,False,0.11306799948215485,0.11308090388774872,0.11318980157375336,0.11326640099287033,28500,0.0780254453420639,0.008826199918985367,0.1455285870983755
lowdim,70,stacked_rbm,0.25,0,False,0.11560880392789841,0.11556970328092575,0.11609280109405518,0.11588480323553085,29250,0.08060622215270996,0.009617599658668041,0.1520450675665681
lowdim,35,ladder_random,0.0,0,False,0.25835680961608887,0.258356511592865,nan,0.2578712999820709,30000,0.2342538982629776,0.13656820356845856,nan
lowdim,35,ladder_random,0.1,0,False,0.2507376968860626,0.25073930621147156,0.2507309019565582,0.250062495470047,30000,0.22571955621242523,0.12655599415302277,0.2688872609068127
lowdim,35,ladder_random,0.25,0,False,0.2518657147884369,0.2518298923969269,0.2518177032470703,0.25126510858535767,28500,0.22701822221279144,0.1275894045829773,0.2685063952463328
lowdim,35,stacked_rbm,0.0,0,False,0.1908687949180603,0.19641880691051483,nan,0.19119280576705933,6000,0.16073456406593323,0.060290202498435974,nan
lowdim,35,stacked_rbm,0.1,0,False,0.19227589666843414,0.19310960173606873,0.19169220328330994,0.1919834017753601,27750,0.16224034130573273,0.06192459911108017,0.21992970320018576
lowdim,35,stacked_rbm,0.25,0,False,0.18999409675598145,0.19033579528331757,0.19125740230083466,0.19003599882125854,29250,0.15971845388412476,0.05971059948205948,0.22378104921779018
code,250,ladder_random,0.0,0,False,0.24764029681682587,0.2803797125816345,nan,0.24790939688682556,1500,0.2225470095872879,0.12710480391979218,nan
code,250,ladder_random,0.1,0,False,0.24761830270290375,0.25642889738082886,0.24760310351848602,0.2479725033044815,1500,0.22260022163391113,0.1271347999572754,0.49959767492133644
code,250,ladder_random,0.25,0,False,0.24785640835762024,0.2711583077907562,0.24780669808387756,0.2480705976486206,1500,0.2227625548839569,0.12732839584350586,0.5002712577524346
code,250,stacked_rbm,0.0,0,False,0.24556460976600647,0.24556460976600647,nan,0.24545730650424957,30000,0.21771112084388733,0.01630360074341297,nan
code,250,stacked_rbm,0.1,0,False,0.2486198991537094,0.2485911101102829,0.24861429631710052,0.24859780073165894,29250,0.22107267379760742,0.023489799350500107,0.4760296319426096
code,250,stacked_rbm,0.25,0,False,0.2612451910972595,0.26114630699157715,0.26126161217689514,0.26124000549316406,21750,0.23501111567020416,0.03806060180068016,0.48233626286375425
code,125,ladder_random,0.0,0,False,0.3442775011062622,0.366239994764328,nan,0.3442952036857605,1500,0.3283340036869049,0.25241079926490784,nan
code,125,ladder_random,0.1,0,False,0.34351909160614014,0.3739941120147705,0.34333398938179016,0.3435766100883484,2250,0.3273087739944458,0.24616579711437225,0.5004833905795883
code,125,ladder_random,0.25,0,False,0.3420383036136627,0.3741067051887512,0.34176409244537354,0.34197840094566345,2250,0.32580024003982544,0.24607619643211365,0.5007230208478674
code,125,stacked_rbm,0.0,0,False,0.36581408977508545,0.36671119928359985,nan,0.36579251289367676,16500,0.3510007858276367,0.23351500928401947,nan
code,125,stacked_rbm,0.1,0,False,0.3651745021343231,0.3652361035346985,0.3651764988899231,0.3651539981365204,25500,0.35024088621139526,0.23122639954090118,0.4770134268488939
code,125,stacked_rbm,0.25,0,False,0.37153229117393494,0.37162911891937256,0.3717550039291382,0.3712413012981415,21000,0.35719889402389526,0.24502740800380707,0.4837091429254499
code,70,ladder_random,0.0,0,False,0.4036101996898651,0.4040535092353821,nan,0.40357890725135803,2250,0.39363667368888855,0.34354060888290405,nan
code,70,ladder_random,0.1,0,False,0.4012438952922821,0.4411519169807434,0.40115460753440857,0.4011489152908325,3000,0.39111289381980896,0.337992399930954,0.5003082490652447
code,70,ladder_random,0.25,0,False,0.39816269278526306,0.41793951392173767,0.3981305956840515,0.3980017900466919,3000,0.38761666417121887,0.3353208005428314,0.5005027363650502
code,70,stacked_rbm,0.0,0,False,0.412826806306839,0.422865092754364,nan,0.4126971960067749,3000,0.4031825661659241,0.3319070041179657,nan
code,70,stacked_rbm,0.1,0,False,0.41159021854400635,0.4178348183631897,0.4115681052207947,0.4117000997066498,3000,0.4019102156162262,0.3302130103111267,0.49309041705698203
code,70,stacked_rbm,0.25,0,False,0.4095892906188965,0.42370861768722534,0.4095520079135895,0.40980300307273865,4500,0.39983078837394714,0.3281593918800354,0.49098652666541664
code,35,ladder_random,0.0,0,False,0.4334903061389923,0.43348750472068787,nan,0.4338344931602478,30000,0.4265005588531494,0.3872170150279999,nan
code,35,ladder_random,0.1,0,False,0.4348461925983429,0.4348571002483368,0.434853196144104,0.4349125921726227,28500,0.4280315637588501,0.38907721638679504,0.49018006549291826
code,35,ladder_random,0.25,0,False,0.44281741976737976,0.44276291131973267,0.4429019093513489,0.4430941939353943,29250,0.4368917942047119,0.4046246111392975,0.49727882698313003
code,35,stacked_rbm,0.0,0,False,0.4441007077693939,0.44918039441108704,nan,0.44422420859336853,1500,0.43803033232688904,0.3926362097263336,nan
code,35,stacked_rbm,0.1,0,False,0.4437571167945862,0.44427821040153503,0.44366180896759033,0.44372281432151794,3750,0.43745023012161255,0.3910413980484009,0.4897557226238801
code,35,stacked_rbm,0.25,0,False,0.44475480914115906,0.4478000998497009,0.4448882043361664,0.44459179043769836,2250,0.43865588307380676,0.39381760358810425,0.4984909913241496
random,250,ladder_random,0.0,0,False,0.2476648986339569,0.2864532172679901,nan,0.2475389987230301,1500,0.22259066998958588,0.12702520191669464,nan
random,250,ladder_random,0.1,0,False,0.2476172000169754,0.28454309701919556,0.24759790301322937,0.2476319968700409,1500,0.22261178493499756,0.1272311955690384,0.500176142322997
random,250,ladder_random,0.25,0,False,0.24771030247211456,0.28356030583381653,0.2477577030658722,0.2478027045726776,1500,0.2227896749973297,0.1274380087852478,0.49968276635732223
random,250,stacked_rbm,0.0,0,False,0.25923240184783936,0.2592791020870209,nan,0.259278804063797,29250,0.23262333869934082,0.022870199754834175,nan
random,250,stacked_rbm,0.1,0,False,0.26150089502334595,0.26146629452705383,0.2615512013435364,0.26155951619148254,27750,0.23511122167110443,0.0290025994181633,0.49968574608283495
random,250,stacked_rbm,0.25,0,False,0.2657800018787384,0.2657906115055084,0.2657575011253357,0.26578080654144287,29250,0.23995999991893768,0.04451819881796837,0.49963958899952865
